name,categories,foodType,foodTypeMatch,foodTypeConf,novaGroup,novaGroupMatch,novaGroupConf,processingState,processingStateMatch,processingStateConf,packaging,packagingMatch,transportCooling,transportCoolingMatch,cropGroup,cropGroupMatch,cropGroupConf,density,densityMatch,densityConf,inediblePart,inediblePartMatch,inediblePartConf,rawToCookedRatio,rawToCookedRatioMatch,rawToCookedRatioConf
"Almonds, in shell",nut_oilseed_raw,nut_oilseed,Matched with almond in food_type.csv,0.950,1,at_farm_source → NOVA 1,0.950,raw,Derived from NOVA 1 → raw,1.000,,No packaging keyword detected,none,nut_oilseed → none (non-perishable),FRUITS A COQUES,matched 'almond' in cropgroup.csv,1.000,0.460,Matched with Almonds in fao_density.csv,0.950,0.50,"with shell keyword found in Almonds, in shell",1.000,1.000,nut_oilseed default from food_type_cooked_to_raw.csv,1.000
Amaranth,grain_raw,grain,amaranth found in food_type.csv,1.000,1,at_farm_source → NOVA 1,0.950,raw,Derived from NOVA 1 → raw,1.000,,No packaging keyword detected,none,grain → none (non-perishable),AUTRES CULTURES INDUSTRIELLES,matched 'chicorée à inuline' in cropgroup.csv,1.000,0.750,grain default from food_type_density.csv,1.000,0.00,grain NOVA 1 default from food_type_inedible_part.csv,1.000,2.259,grain default from food_type_cooked_to_raw.csv,1.000
Apple,vegetable_fresh,fruit,FoodOn ontology: fruit features detected,1.000,1,at_farm_source → NOVA 1,0.950,raw,Derived from NOVA 1 → raw,1.000,,No packaging keyword detected,always,fruit NOVA 1 → always (perishable),VERGERS,matched 'apple' in cropgroup.csv,1.000,0.900,apple found in density.csv,1.000,0.10,Matched with Apple in agb_inedible.csv,1.000,0.856,fruit default from food_type_cooked_to_raw.csv,1.000
Apricots,vegetable_fresh,fruit,FoodOn ontology: fruit features detected,1.000,1,at_farm_source → NOVA 1,0.950,raw,Derived from NOVA 1 → raw,1.000,,No packaging keyword detected,always,fruit NOVA 1 → always (perishable),VERGERS,matched 'poires pour transformation' in cropgroup.csv,1.000,0.900,Matched with apricot in density.csv,0.980,0.20,Matched with Apricot in agb_inedible.csv,0.980,0.856,Matched with apricot in cooked_to_raw.csv,0.980
Asparagus,vegetable_fresh,vegetable,FoodOn ontology: vegetable features detected,1.000,1,at_farm_source → NOVA 1,0.950,raw,Derived from NOVA 1 → raw,1.000,,No packaging keyword detected,always,vegetable NOVA 1 → always (perishable),LEGUMES-FLEURS,matched 'carrot' in cropgroup.csv,1.000,0.900,asparagus found in density.csv,1.000,0.40,Matched with Asparagus in agb_inedible.csv,1.000,0.856,vegetable default from food_type_cooked_to_raw.csv,1.000
Bamboo shoots,vegetable_fresh,vegetable,FoodOn ontology: vegetable features detected,1.000,1,at_farm_source → NOVA 1,0.950,raw,Derived from NOVA 1 → raw,1.000,,No packaging keyword detected,always,vegetable NOVA 1 → always (perishable),LEGUMES-FLEURS,matched 'brussels sprout' in cropgroup.csv,1.000,0.900,vegetable default from food_type_density.csv,1.000,0.20,vegetable NOVA 1 default from food_type_inedible_part.csv,1.000,0.856,vegetable default from food_type_cooked_to_raw.csv,1.000
Banana,vegetable_fresh,fruit,FoodOn ontology: fruit features detected,1.000,1,at_farm_source → NOVA 1,0.950,raw,Derived from NOVA 1 → raw,1.000,,No packaging keyword detected,always,fruit NOVA 1 → always (perishable),ARBORICULTURE,matched 'banana' in cropgroup.csv,1.000,0.950,banana found in density.csv,1.000,0.30,Matched with Banana in agb_inedible.csv,1.000,0.856,Matched with banana in cooked_to_raw.csv,1.000
Bay leaves,spice_condiment_additive,spice_condiment,bay leaves found in food_type.csv,1.000,1,at_farm_source → NOVA 1,0.950,raw,Derived from NOVA 1 → raw,1.000,,No packaging keyword detected,none,spice_condiment → none (non-perishable),DIVERS,spice_condiment default,1.000,0.500,spice_condiment default from food_type_density.csv,1.000,0.00,spice_condiment NOVA 1 default from food_type_inedible_part.csv,1.000,1.000,spice_condiment default from food_type_cooked_to_raw.csv,1.000
Beetroot,vegetable_fresh,vegetable,FoodOn ontology: vegetable features detected,1.000,1,at_farm_source → NOVA 1,0.950,raw,Derived from NOVA 1 → raw,1.000,,No packaging keyword detected,always,vegetable NOVA 1 → always (perishable),AUTRES CULTURES INDUSTRIELLES,matched 'beetroot' in cropgroup.csv,1.000,0.900,vegetable default from food_type_density.csv,1.000,0.10,Matched with Beetroots in agb_inedible.csv,0.980,0.856,Matched with beetroot in cooked_to_raw.csv,1.000
"Bell pepper, green, yellow or red",vegetable_fresh,vegetable,Matched with bell pepper in food_type.csv,0.950,1,at_farm_source → NOVA 1,0.950,raw,Derived from NOVA 1 → raw,1.000,,No packaging keyword detected,always,vegetable NOVA 1 → always (perishable),LEGUMES-FLEURS,matched 'bell pepper' in cropgroup.csv,1.000,0.900,Matched with bell pepper in density.csv,0.950,0.20,vegetable NOVA 1 default from food_type_inedible_part.csv,1.000,0.856,vegetable default from food_type_cooked_to_raw.csv,1.000
Black currant,vegetable_fresh,fruit,FoodOn ontology: fruit features detected,1.000,1,at_farm_source → NOVA 1,0.950,raw,Derived from NOVA 1 → raw,1.000,,No packaging keyword detected,always,fruit NOVA 1 → always (perishable),VERGERS,matched 'poires pour transformation' in cropgroup.csv,1.000,0.850,fruit default from food_type_density.csv,1.000,0.20,Matched with Currant in agb_inedible.csv,0.950,0.856,fruit default from food_type_cooked_to_raw.csv,1.000
Blueberry,vegetable_fresh,fruit,FoodOn ontology: fruit features detected,1.000,1,at_farm_source → NOVA 1,0.950,raw,Derived from NOVA 1 → raw,1.000,,No packaging keyword detected,always,fruit NOVA 1 → always (perishable),VERGERS,matched 'poires pour transformation' in cropgroup.csv,1.000,0.900,blueberry found in density.csv,1.000,0.03,Matched with Blueberries in agb_inedible.csv,0.950,0.856,fruit default from food_type_cooked_to_raw.csv,1.000
Breadfruit,vegetable_fresh,fruit,FoodOn ontology: fruit features detected,1.000,1,at_farm_source → NOVA 1,0.950,raw,Derived from NOVA 1 → raw,1.000,,No packaging keyword detected,always,fruit NOVA 1 → always (perishable),VERGERS,matched 'poires pour transformation' in cropgroup.csv,1.000,0.850,fruit default from food_type_density.csv,1.000,0.20,fruit NOVA 1 default from food_type_inedible_part.csv,1.000,0.856,fruit default from food_type_cooked_to_raw.csv,1.000
Broad bean,vegetable_fresh,legume,broad bean found in food_type.csv,1.000,1,at_farm_source → NOVA 1,0.950,raw,Derived from NOVA 1 → raw,1.000,,No packaging keyword detected,always,legume NOVA 1 → always (perishable),PROTEAGINEUX,matched 'broad bean' in cropgroup.csv,1.000,0.800,Matched with bean in density.csv,0.950,0.20,legume NOVA 1 default from food_type_inedible_part.csv,1.000,0.856,legume default from food_type_cooked_to_raw.csv,1.000
Broccoli,vegetable_fresh,vegetable,FoodOn ontology: vegetable features detected,1.000,1,at_farm_source → NOVA 1,0.950,raw,Derived from NOVA 1 → raw,1.000,,No packaging keyword detected,always,vegetable NOVA 1 → always (perishable),LEGUMES-FLEURS,matched 'broccoli' in cropgroup.csv,1.000,0.900,broccoli found in density.csv,1.000,0.20,Matched with Broccoli in agb_inedible.csv,1.000,0.856,Matched with broccoli in cooked_to_raw.csv,1.000
Brussels sprout,vegetable_fresh,vegetable,FoodOn ontology: vegetable features detected,1.000,1,at_farm_source → NOVA 1,0.950,raw,Derived from NOVA 1 → raw,1.000,,No packaging keyword detected,always,vegetable NOVA 1 → always (perishable),LEGUMES-FLEURS,matched 'brussels sprout' in cropgroup.csv,1.000,0.900,vegetable default from food_type_density.csv,1.000,0.10,Matched with Brussels sprout in agb_inedible.csv,1.000,0.856,vegetable default from food_type_cooked_to_raw.csv,1.000
Carrots,vegetable_fresh,vegetable,FoodOn ontology: vegetable features detected,1.000,1,at_farm_source → NOVA 1,0.950,raw,Derived from NOVA 1 → raw,1.000,,No packaging keyword detected,always,vegetable NOVA 1 → always (perishable),LEGUMES-FLEURS,matched 'carrot' in cropgroup.csv,1.000,0.900,vegetable default from food_type_density.csv,1.000,0.10,Matched with Carrots in agb_inedible.csv,1.000,0.856,Matched with carrot in cooked_to_raw.csv,0.950
Cauliflower,vegetable_fresh,vegetable,FoodOn ontology: vegetable features detected,1.000,1,at_farm_source → NOVA 1,0.950,raw,Derived from NOVA 1 → raw,1.000,,No packaging keyword detected,always,vegetable NOVA 1 → always (perishable),LEGUMES-FLEURS,matched 'chou-fleur' in cropgroup.csv,1.000,0.900,cauliflower found in density.csv,1.000,0.20,Matched with Cauliflower in agb_inedible.csv,1.000,0.856,vegetable default from food_type_cooked_to_raw.csv,1.000
Celeriac,vegetable_fresh,vegetable,FoodOn ontology: vegetable features detected,1.000,1,at_farm_source → NOVA 1,0.950,raw,Derived from NOVA 1 → raw,1.000,,No packaging keyword detected,always,vegetable NOVA 1 → always (perishable),LEGUMES-FLEURS,matched 'celeriac' in cropgroup.csv,1.000,0.900,vegetable default from food_type_density.csv,1.000,0.10,Matched with Celeriac in agb_inedible.csv,1.000,0.856,vegetable default from food_type_cooked_to_raw.csv,1.000
Celery,vegetable_fresh,vegetable,FoodOn ontology: vegetable features detected,1.000,1,at_farm_source → NOVA 1,0.950,raw,Derived from NOVA 1 → raw,1.000,,No packaging keyword detected,always,vegetable NOVA 1 → always (perishable),LEGUMES-FLEURS,matched 'céleri-rave' in cropgroup.csv,1.000,0.900,vegetable default from food_type_density.csv,1.000,0.03,Matched with Celery in agb_inedible.csv,1.000,0.856,Matched with celery in cooked_to_raw.csv,1.000
Cherry,vegetable_fresh,fruit,FoodOn ontology: fruit features detected,1.000,1,at_farm_source → NOVA 1,0.950,raw,Derived from NOVA 1 → raw,1.000,,No packaging keyword detected,always,fruit NOVA 1 → always (perishable),VERGERS,matched 'cerise bigarreaux industrie' in cropgroup.csv,1.000,1.000,cherry found in density.csv,1.000,0.20,Matched with Cherry in agb_inedible.csv,1.000,0.856,fruit default from food_type_cooked_to_raw.csv,1.000
Cherry tomato,vegetable_fresh,vegetable,Matched with tomato in food_type.csv,0.950,1,at_farm_source → NOVA 1,0.950,raw,Derived from NOVA 1 → raw,1.000,,No packaging keyword detected,always,vegetable NOVA 1 → always (perishable),LEGUMES-FLEURS,matched 'tomato' in cropgroup.csv,1.000,1.000,Matched with tomato in density.csv,0.950,0.03,Matched with Tomatoes in agb_inedible.csv,0.950,0.856,vegetable default from food_type_cooked_to_raw.csv,1.000
Chestnut,nut_oilseed_raw,nut_oilseed,FoodOn ontology: nut_oilseed features detected,1.000,1,at_farm_source → NOVA 1,0.950,raw,Derived from NOVA 1 → raw,1.000,,No packaging keyword detected,none,nut_oilseed → none (non-perishable),FRUITS A COQUES,nut default,1.000,0.600,nut_oilseed default from food_type_density.csv,1.000,0.50,nut_oilseed NOVA 1 default from food_type_inedible_part.csv,1.000,1.000,Matched with chestnut in cooked_to_raw.csv,1.000
"Chia seed, dried",vegetable_fresh,vegetable,FoodOn ontology: vegetable features detected,1.000,1,at_farm_source → NOVA 1,0.950,raw,Derived from NOVA 1 → raw,1.000,dried,"dried keyword found in Chia seed, dried",none,dried packaging → none,SEMENCES,matched 'semences epeautre' in cropgroup.csv,1.000,0.900,vegetable default from food_type_density.csv,1.000,0.20,vegetable NOVA 1 default from food_type_inedible_part.csv,1.000,0.856,vegetable default from food_type_cooked_to_raw.csv,1.000
"Chickpeas, dried",vegetable_fresh,legume,Matched with chickpea in food_type.csv,0.950,1,at_farm_source → NOVA 1,0.950,raw,Derived from NOVA 1 → raw,1.000,dried,"dried keyword found in Chickpeas, dried",none,dried packaging → none,LEGUMINEUSES A GRAIN,matched 'chickpea' in cropgroup.csv,1.000,0.800,legume default from food_type_density.csv,1.000,0.20,legume NOVA 1 default from food_type_inedible_part.csv,1.000,0.856,legume default from food_type_cooked_to_raw.csv,1.000
Chicory root,vegetable_fresh,vegetable,FoodOn ontology: vegetable features detected,1.000,1,at_farm_source → NOVA 1,0.950,raw,Derived from NOVA 1 → raw,1.000,,No packaging keyword detected,always,vegetable NOVA 1 → always (perishable),AUTRES CULTURES INDUSTRIELLES,matched 'chicory' in cropgroup.csv,1.000,0.900,vegetable default from food_type_density.csv,1.000,0.20,Matched with Chicory in agb_inedible.csv,0.950,0.856,vegetable default from food_type_cooked_to_raw.csv,1.000
Chili peppers,vegetable_fresh,vegetable,Matched with chili pepper in food_type.csv,0.980,1,at_farm_source → NOVA 1,0.950,raw,Derived from NOVA 1 → raw,1.000,,No packaging keyword detected,always,vegetable NOVA 1 → always (perishable),LEGUMES-FLEURS,matched 'chili pepper' in cropgroup.csv,1.000,0.900,vegetable default from food_type_density.csv,1.000,0.03,Matched with Peppers in agb_inedible.csv,0.950,0.856,vegetable default from food_type_cooked_to_raw.csv,1.000
Chive,vegetable_fresh,vegetable,Default: vegetable (no trusted match for fresh fruit),0.500,1,at_farm_source → NOVA 1,0.950,raw,Derived from NOVA 1 → raw,1.000,,No packaging keyword detected,always,vegetable NOVA 1 → always (perishable),LEGUMES-FLEURS,vegetable default,1.000,0.900,vegetable default from food_type_density.csv,1.000,0.20,vegetable NOVA 1 default from food_type_inedible_part.csv,1.000,0.856,vegetable default from food_type_cooked_to_raw.csv,1.000
Clementine,vegetable_fresh,fruit,FoodOn ontology: fruit features detected,1.000,1,at_farm_source → NOVA 1,0.950,raw,Derived from NOVA 1 → raw,1.000,,No packaging keyword detected,always,fruit NOVA 1 → always (perishable),VERGERS,matched 'poires pour transformation' in cropgroup.csv,1.000,0.850,fruit default from food_type_density.csv,1.000,0.20,fruit NOVA 1 default from food_type_inedible_part.csv,1.000,0.856,fruit default from food_type_cooked_to_raw.csv,1.000
"Coconut, dehusked",nut_oilseed_raw,nut_oilseed,Matched with coconut in food_type.csv,0.950,1,at_farm_source → NOVA 1,0.950,raw,Derived from NOVA 1 → raw,1.000,,No packaging keyword detected,none,nut_oilseed → none (non-perishable),FRUITS A COQUES,nut default,1.000,0.500,Matched with coconut in density.csv,0.950,0.50,nut_oilseed NOVA 1 default from food_type_inedible_part.csv,1.000,1.000,nut_oilseed default from food_type_cooked_to_raw.csv,1.000
Coriander,spice_condiment_additive,spice_condiment,coriander found in food_type.csv,1.000,1,at_farm_source → NOVA 1,0.950,raw,Derived from NOVA 1 → raw,1.000,,No packaging keyword detected,none,spice_condiment → none (non-perishable),AUTRES CULTURES INDUSTRIELLES,matched 'coriander' in cropgroup.csv,1.000,0.500,spice_condiment default from food_type_density.csv,1.000,0.10,Matched with Coriander in agb_inedible.csv,1.000,1.000,spice_condiment default from food_type_cooked_to_raw.csv,1.000
Corn,grain_raw,grain,FoodOn ontology: grain features detected,1.000,1,at_farm_source → NOVA 1,0.950,raw,Derived from NOVA 1 → raw,1.000,,No packaging keyword detected,none,grain → none (non-perishable),MAIS GRAIN ET ENSILAGE,matched 'corn' in cropgroup.csv,1.000,0.720,corn found in density.csv,1.000,0.00,grain NOVA 1 default from food_type_inedible_part.csv,1.000,2.259,grain default from food_type_cooked_to_raw.csv,1.000
Cow milk,dairy_product,dairy,FoodOn ontology: dairy features detected,1.000,1,at_farm_source → NOVA 1,0.950,raw,Derived from NOVA 1 → raw,1.000,,No packaging keyword detected,always,dairy NOVA 1 → always (perishable),,Not applicable (animal product),1.000,1.050,Matched with cow in density.csv,0.950,0.00,dairy NOVA 1 default from food_type_inedible_part.csv,1.000,1.000,dairy default from food_type_cooked_to_raw.csv,1.000
Cranberry,vegetable_fresh,fruit,FoodOn ontology: fruit features detected,1.000,1,at_farm_source → NOVA 1,0.950,raw,Derived from NOVA 1 → raw,1.000,,No packaging keyword detected,always,fruit NOVA 1 → always (perishable),VERGERS,matched 'poires pour transformation' in cropgroup.csv,1.000,0.850,fruit default from food_type_density.csv,1.000,0.20,fruit NOVA 1 default from food_type_inedible_part.csv,1.000,0.856,fruit default from food_type_cooked_to_raw.csv,1.000
Cucumber,vegetable_fresh,vegetable,cucumber found in food_type.csv,1.000,1,at_farm_source → NOVA 1,0.950,raw,Derived from NOVA 1 → raw,1.000,,No packaging keyword detected,always,vegetable NOVA 1 → always (perishable),LEGUMES-FLEURS,matched 'cucumber' in cropgroup.csv,1.000,1.000,cucumber found in density.csv,1.000,0.10,Matched with Cucumbers in agb_inedible.csv,0.980,0.856,vegetable default from food_type_cooked_to_raw.csv,1.000
"Dill, fresh",vegetable_fresh,vegetable,FoodOn ontology: vegetable features detected,1.000,1,at_farm_source → NOVA 1,0.950,raw,Derived from NOVA 1 → raw,1.000,fresh,"fresh keyword found in Dill, fresh",always,vegetable NOVA 1 → always (perishable),LEGUMES-FLEURS,vegetable default,1.000,0.900,vegetable default from food_type_density.csv,1.000,0.20,vegetable NOVA 1 default from food_type_inedible_part.csv,1.000,0.856,vegetable default from food_type_cooked_to_raw.csv,1.000
"Dried herbs (marjoram, oregano, savory, thyme, basil, rosemary, sage)",spice_condiment_additive,spice_condiment,Matched with dried herbs in food_type.csv,0.950,1,at_farm_source → NOVA 1,0.950,raw,Derived from NOVA 1 → raw,1.000,dried,"dried keyword found in Dried herbs (marjoram, oregano, savory, thyme, basil, rosemary, sage)",none,dried packaging → none,AUTRES CULTURES INDUSTRIELLES,matched 'rosemary' in cropgroup.csv,1.000,0.500,spice_condiment default from food_type_density.csv,1.000,0.00,spice_condiment NOVA 1 default from food_type_inedible_part.csv,1.000,1.000,spice_condiment default from food_type_cooked_to_raw.csv,1.000
Durum wheat,grain_raw,grain,FoodOn ontology: grain features detected,1.000,1,at_farm_source → NOVA 1,0.950,raw,Derived from NOVA 1 → raw,1.000,,No packaging keyword detected,none,grain → none (non-perishable),AUTRES CEREALES,matched 'blé dur hiver' in cropgroup.csv,1.000,0.770,Matched with Wheat in fao_density.csv,0.950,0.00,grain NOVA 1 default from food_type_inedible_part.csv,1.000,2.259,Matched with durum wheat in cooked_to_raw.csv,1.000
Egg,animal_product,meat,FoodOn ontology: meat features detected,1.000,1,at_farm_source → NOVA 1,0.950,raw,Derived from NOVA 1 → raw,1.000,,No packaging keyword detected,always,meat NOVA 1 → always (perishable),,Not applicable (animal product),1.000,1.000,egg found in density.csv,1.000,0.10,Matched with Egg in agb_inedible.csv,1.000,0.974,Matched with egg in cooked_to_raw.csv,1.000
Eggplant,vegetable_fresh,vegetable,eggplant found in food_type.csv,1.000,1,at_farm_source → NOVA 1,0.950,raw,Derived from NOVA 1 → raw,1.000,,No packaging keyword detected,always,vegetable NOVA 1 → always (perishable),LEGUMES-FLEURS,matched 'eggplant' in cropgroup.csv,1.000,1.000,eggplant found in density.csv,1.000,0.10,Matched with Eggplant in agb_inedible.csv,1.000,0.856,vegetable default from food_type_cooked_to_raw.csv,1.000
Elderberries,vegetable_fresh,fruit,elderberries found in food_type.csv,1.000,1,at_farm_source → NOVA 1,0.950,raw,Derived from NOVA 1 → raw,1.000,,No packaging keyword detected,always,fruit NOVA 1 → always (perishable),VERGERS,fruit default,1.000,0.850,fruit default from food_type_density.csv,1.000,0.20,fruit NOVA 1 default from food_type_inedible_part.csv,1.000,0.856,fruit default from food_type_cooked_to_raw.csv,1.000
Endive,vegetable_fresh,vegetable,Matched with red endive in food_type.csv,0.950,1,at_farm_source → NOVA 1,0.950,raw,Derived from NOVA 1 → raw,1.000,,No packaging keyword detected,always,vegetable NOVA 1 → always (perishable),LEGUMES-FLEURS,matched 'endive' in cropgroup.csv,1.000,0.900,vegetable default from food_type_density.csv,1.000,0.20,Matched with Endive in agb_inedible.csv,1.000,0.856,Matched with endive in cooked_to_raw.csv,1.000
Fennel,vegetable_fresh,vegetable,fennel found in food_type.csv,1.000,1,at_farm_source → NOVA 1,0.950,raw,Derived from NOVA 1 → raw,1.000,,No packaging keyword detected,always,vegetable NOVA 1 → always (perishable),LEGUMES-FLEURS,matched 'fennel' in cropgroup.csv,1.000,0.900,vegetable default from food_type_density.csv,1.000,0.20,Matched with Fennel in agb_inedible.csv,1.000,0.856,vegetable default from food_type_cooked_to_raw.csv,1.000
Fig,vegetable_fresh,fruit,FoodOn ontology: fruit features detected,1.000,1,at_farm_source → NOVA 1,0.950,raw,Derived from NOVA 1 → raw,1.000,,No packaging keyword detected,always,fruit NOVA 1 → always (perishable),ARBORICULTURE,matched 'banana' in cropgroup.csv,1.000,0.900,fig found in density.csv,1.000,0.20,fruit NOVA 1 default from food_type_inedible_part.csv,1.000,0.856,fruit default from food_type_cooked_to_raw.csv,1.000
"Flageolet beans, green, dried",vegetable_fresh,legume,FoodOn ontology: legume features detected,1.000,1,at_farm_source → NOVA 1,0.950,raw,Derived from NOVA 1 → raw,1.000,dried,"dried keyword found in Flageolet beans, green, dried",none,dried packaging → none,LEGUMINEUSES A GRAIN,legume default,1.000,0.800,legume default from food_type_density.csv,1.000,0.20,legume NOVA 1 default from food_type_inedible_part.csv,1.000,0.856,legume default from food_type_cooked_to_raw.csv,1.000
Flaxseed,vegetable_fresh,vegetable,FoodOn ontology: vegetable features detected,1.000,1,at_farm_source → NOVA 1,0.950,raw,Derived from NOVA 1 → raw,1.000,,No packaging keyword detected,always,vegetable NOVA 1 → always (perishable),AUTRES OLEAGINEUX,matched 'flaxseed' in cropgroup.csv,1.000,0.700,Flaxseed found in fao_density.csv,1.000,0.20,vegetable NOVA 1 default from food_type_inedible_part.csv,1.000,0.856,vegetable default from food_type_cooked_to_raw.csv,1.000
French beans,vegetable_fresh,legume,FoodOn ontology: legume features detected,1.000,1,at_farm_source → NOVA 1,0.950,raw,Derived from NOVA 1 → raw,1.000,,No packaging keyword detected,always,legume NOVA 1 → always (perishable),AUTRES OLEAGINEUX,matched 'soja' in cropgroup.csv,1.000,0.800,legume default from food_type_density.csv,1.000,0.10,Matched with French bean in agb_inedible.csv,0.980,0.856,legume default from food_type_cooked_to_raw.csv,1.000
"Fresh herbs (dill, basil, chervil, rosemary, sage, thyme)",vegetable_fresh,vegetable,FoodOn ontology: vegetable features detected,1.000,1,at_farm_source → NOVA 1,0.950,raw,Derived from NOVA 1 → raw,1.000,fresh,"fresh keyword found in Fresh herbs (dill, basil, chervil, rosemary, sage, thyme)",always,vegetable NOVA 1 → always (perishable),AUTRES CULTURES INDUSTRIELLES,matched 'rosemary' in cropgroup.csv,1.000,0.900,vegetable default from food_type_density.csv,1.000,0.20,vegetable NOVA 1 default from food_type_inedible_part.csv,1.000,0.856,vegetable default from food_type_cooked_to_raw.csv,1.000
Garlic,vegetable_fresh,vegetable,FoodOn ontology: vegetable features detected,1.000,1,at_farm_source → NOVA 1,0.950,raw,Derived from NOVA 1 → raw,1.000,,No packaging keyword detected,always,vegetable NOVA 1 → always (perishable),LEGUMES-FLEURS,matched 'carrot' in cropgroup.csv,1.000,0.300,garlic found in density.csv,1.000,0.10,Matched with Garlic in agb_inedible.csv,1.000,0.856,Matched with garlic in cooked_to_raw.csv,1.000
Gherkin,vegetable_fresh,vegetable,FoodOn ontology: vegetable features detected,1.000,1,at_farm_source → NOVA 1,0.950,raw,Derived from NOVA 1 → raw,1.000,,No packaging keyword detected,always,vegetable NOVA 1 → always (perishable),LEGUMES-FLEURS,vegetable default,1.000,0.900,vegetable default from food_type_density.csv,1.000,0.20,vegetable NOVA 1 default from food_type_inedible_part.csv,1.000,0.856,vegetable default from food_type_cooked_to_raw.csv,1.000
Gooseberry,vegetable_fresh,fruit,FoodOn ontology: fruit features detected,1.000,1,at_farm_source → NOVA 1,0.950,raw,Derived from NOVA 1 → raw,1.000,,No packaging keyword detected,always,fruit NOVA 1 → always (perishable),VIGNES,matched 'grape' in cropgroup.csv,1.000,0.850,fruit default from food_type_density.csv,1.000,0.20,fruit NOVA 1 default from food_type_inedible_part.csv,1.000,0.856,fruit default from food_type_cooked_to_raw.csv,1.000
Grapefruit,vegetable_fresh,fruit,FoodOn ontology: fruit features detected,1.000,1,at_farm_source → NOVA 1,0.950,raw,Derived from NOVA 1 → raw,1.000,,No packaging keyword detected,always,fruit NOVA 1 → always (perishable),VERGERS,matched 'poires pour transformation' in cropgroup.csv,1.000,0.850,fruit default from food_type_density.csv,1.000,0.30,Matched with Grapefruit in agb_inedible.csv,1.000,0.856,fruit default from food_type_cooked_to_raw.csv,1.000
Grapes (black or white),vegetable_fresh,fruit,FoodOn ontology: fruit features detected,1.000,1,default_fruit → NOVA 1,0.700,raw,Derived from NOVA 1 → raw,1.000,,No packaging keyword detected,always,fruit NOVA 1 → always (perishable),VIGNES,matched 'grape' in cropgroup.csv,1.000,1.000,Matched with grape in density.csv,0.950,0.10,Matched with Grape in agb_inedible.csv,0.950,0.856,fruit default from food_type_cooked_to_raw.csv,1.000
Green cabbage,vegetable_fresh,vegetable,FoodOn ontology: vegetable features detected,1.000,1,at_farm_source → NOVA 1,0.950,raw,Derived from NOVA 1 → raw,1.000,,No packaging keyword detected,always,vegetable NOVA 1 → always (perishable),LEGUMES-FLEURS,matched 'cabbage' in cropgroup.csv,1.000,0.900,Matched with cabbage in density.csv,0.950,0.20,Matched with Cabbage in agb_inedible.csv,0.950,0.856,Matched with cabbage in cooked_to_raw.csv,0.950
Greengage plum,vegetable_fresh,fruit,FoodOn ontology: fruit features detected,1.000,1,at_farm_source → NOVA 1,0.950,raw,Derived from NOVA 1 → raw,1.000,,No packaging keyword detected,always,fruit NOVA 1 → always (perishable),ARBORICULTURE,matched 'banane export' in cropgroup.csv,1.000,0.950,Matched with plum in density.csv,0.950,0.20,Matched with Plum in agb_inedible.csv,0.950,0.856,Matched with plum in cooked_to_raw.csv,0.950
Guava,vegetable_fresh,fruit,FoodOn ontology: fruit features detected,1.000,1,at_farm_source → NOVA 1,0.950,raw,Derived from NOVA 1 → raw,1.000,,No packaging keyword detected,always,fruit NOVA 1 → always (perishable),VERGERS,matched 'poires pour transformation' in cropgroup.csv,1.000,0.850,fruit default from food_type_density.csv,1.000,0.20,fruit NOVA 1 default from food_type_inedible_part.csv,1.000,0.856,fruit default from food_type_cooked_to_raw.csv,1.000
"Hazelnuts, in shell",nut_oilseed_raw,nut_oilseed,Matched with hazelnut in food_type.csv,0.950,1,at_farm_source → NOVA 1,0.950,raw,Derived from NOVA 1 → raw,1.000,,No packaging keyword detected,none,nut_oilseed → none (non-perishable),FRUITS A COQUES,matched 'noisettes' in cropgroup.csv,1.000,0.550,Matched with hazelnut in density.csv,0.950,0.50,"with shell keyword found in Hazelnuts, in shell",1.000,1.000,Matched with hazelnut in cooked_to_raw.csv,0.950
Hemp grain,grain_raw,grain,FoodOn ontology: grain features detected,1.000,1,at_farm_source → NOVA 1,0.950,raw,Derived from NOVA 1 → raw,1.000,,No packaging keyword detected,none,grain → none (non-perishable),PLANTES A FIBRES,matched 'chanvre' in cropgroup.csv,1.000,0.750,grain default from food_type_density.csv,1.000,0.00,grain NOVA 1 default from food_type_inedible_part.csv,1.000,2.259,grain default from food_type_cooked_to_raw.csv,1.000
Honey,animal_product,fish_seafood,FoodOn ontology: fish_seafood features detected,1.000,1,at_farm_source → NOVA 1,0.950,raw,Derived from NOVA 1 → raw,1.000,,No packaging keyword detected,always,fish_seafood NOVA 1 → always (perishable),,Not applicable (animal product),1.000,1.050,fish_seafood default from food_type_density.csv,1.000,0.40,fish_seafood NOVA 1 default from food_type_inedible_part.csv,1.000,1.000,Matched with honey in cooked_to_raw.csv,1.000
"Horseradish, fresh",vegetable_fresh,vegetable,FoodOn ontology: vegetable features detected,1.000,1,at_farm_source → NOVA 1,0.950,raw,Derived from NOVA 1 → raw,1.000,fresh,"fresh keyword found in Horseradish, fresh",always,vegetable NOVA 1 → always (perishable),LEGUMES-FLEURS,vegetable default,1.000,0.900,vegetable default from food_type_density.csv,1.000,0.20,vegetable NOVA 1 default from food_type_inedible_part.csv,1.000,0.856,vegetable default from food_type_cooked_to_raw.csv,1.000
Jerusalem artichoke,vegetable_fresh,vegetable,FoodOn ontology: vegetable features detected,1.000,1,at_farm_source → NOVA 1,0.950,raw,Derived from NOVA 1 → raw,1.000,,No packaging keyword detected,always,vegetable NOVA 1 → always (perishable),LEGUMES-FLEURS,matched 'carrot' in cropgroup.csv,1.000,0.900,vegetable default from food_type_density.csv,1.000,0.10,Matched with Jerusalemen artichoke in agb_inedible.csv,0.980,0.856,Matched with artichoke in cooked_to_raw.csv,0.950
Kale,vegetable_fresh,vegetable,FoodOn ontology: vegetable features detected,1.000,1,at_farm_source → NOVA 1,0.950,raw,Derived from NOVA 1 → raw,1.000,,No packaging keyword detected,always,vegetable NOVA 1 → always (perishable),LEGUMES-FLEURS,matched 'chou-fleur' in cropgroup.csv,1.000,0.900,vegetable default from food_type_density.csv,1.000,0.20,vegetable NOVA 1 default from food_type_inedible_part.csv,1.000,0.856,vegetable default from food_type_cooked_to_raw.csv,1.000
Kiwi,vegetable_fresh,fruit,FoodOn ontology: fruit features detected,1.000,1,at_farm_source → NOVA 1,0.950,raw,Derived from NOVA 1 → raw,1.000,,No packaging keyword detected,always,fruit NOVA 1 → always (perishable),VERGERS,matched 'orange' in cropgroup.csv,1.000,1.000,kiwi found in density.csv,1.000,0.20,fruit NOVA 1 default from food_type_inedible_part.csv,1.000,0.856,Matched with kiwi in cooked_to_raw.csv,1.000
Kohlrabi,vegetable_fresh,vegetable,FoodOn ontology: vegetable features detected,1.000,1,at_farm_source → NOVA 1,0.950,raw,Derived from NOVA 1 → raw,1.000,,No packaging keyword detected,always,vegetable NOVA 1 → always (perishable),LEGUMES-FLEURS,matched 'chou-fleur' in cropgroup.csv,1.000,0.900,vegetable default from food_type_density.csv,1.000,0.20,vegetable NOVA 1 default from food_type_inedible_part.csv,1.000,0.856,vegetable default from food_type_cooked_to_raw.csv,1.000
Kumquat,vegetable_fresh,fruit,FoodOn ontology: fruit features detected,1.000,1,at_farm_source → NOVA 1,0.950,raw,Derived from NOVA 1 → raw,1.000,,No packaging keyword detected,always,fruit NOVA 1 → always (perishable),VERGERS,matched 'poires pour transformation' in cropgroup.csv,1.000,0.850,fruit default from food_type_density.csv,1.000,0.20,fruit NOVA 1 default from food_type_inedible_part.csv,1.000,0.856,fruit default from food_type_cooked_to_raw.csv,1.000
Leek,vegetable_fresh,vegetable,FoodOn ontology: vegetable features detected,1.000,1,fresh_at_plant → NOVA 1,0.850,raw,Derived from NOVA 1 → raw,1.000,,No packaging keyword detected,always,vegetable NOVA 1 → always (perishable),LEGUMES-FLEURS,matched 'carrot' in cropgroup.csv,1.000,0.900,leek found in density.csv,1.000,0.20,Matched with Leek in agb_inedible.csv,1.000,0.856,vegetable default from food_type_cooked_to_raw.csv,1.000
Lemon,vegetable_fresh,fruit,FoodOn ontology: fruit features detected,1.000,1,at_farm_source → NOVA 1,0.950,raw,Derived from NOVA 1 → raw,1.000,,No packaging keyword detected,always,fruit NOVA 1 → always (perishable),VERGERS,matched 'orange' in cropgroup.csv,1.000,1.000,lemon found in density.csv,1.000,0.30,Matched with Lemon in agb_inedible.csv,1.000,0.856,fruit default from food_type_cooked_to_raw.csv,1.000
Lentil,vegetable_fresh,legume,lentil found in food_type.csv,1.000,1,at_farm_source → NOVA 1,0.950,raw,Derived from NOVA 1 → raw,1.000,,No packaging keyword detected,always,legume NOVA 1 → always (perishable),LEGUMINEUSES A GRAIN,matched 'lentil' in cropgroup.csv,1.000,0.800,lentil found in density.csv,1.000,0.20,legume NOVA 1 default from food_type_inedible_part.csv,1.000,2.330,Matched with lentil in cooked_to_raw.csv,1.000
Lychee,vegetable_fresh,fruit,FoodOn ontology: fruit features detected,1.000,1,at_farm_source → NOVA 1,0.950,raw,Derived from NOVA 1 → raw,1.000,,No packaging keyword detected,always,fruit NOVA 1 → always (perishable),ARBORICULTURE,matched 'banana' in cropgroup.csv,1.000,1.000,lychee found in density.csv,1.000,0.20,fruit NOVA 1 default from food_type_inedible_part.csv,1.000,0.856,Matched with lychee in cooked_to_raw.csv,1.000
Macadamia nut,nut_oilseed_raw,nut_oilseed,FoodOn ontology: nut_oilseed features detected,1.000,1,at_farm_source → NOVA 1,0.950,raw,Derived from NOVA 1 → raw,1.000,,No packaging keyword detected,none,nut_oilseed → none (non-perishable),FRUITS A COQUES,matched 'noix' in cropgroup.csv,1.000,0.600,nut_oilseed default from food_type_density.csv,1.000,0.50,nut_oilseed NOVA 1 default from food_type_inedible_part.csv,1.000,1.000,nut_oilseed default from food_type_cooked_to_raw.csv,1.000
Mango,vegetable_fresh,fruit,FoodOn ontology: fruit features detected,1.000,1,at_farm_source → NOVA 1,0.950,raw,Derived from NOVA 1 → raw,1.000,,No packaging keyword detected,always,fruit NOVA 1 → always (perishable),VERGERS,matched 'mango' in cropgroup.csv,1.000,0.950,mango found in density.csv,1.000,0.20,Matched with Mango in agb_inedible.csv,1.000,0.856,fruit default from food_type_cooked_to_raw.csv,1.000
"Melon (honeydew, Charentais, Cataloupe, Cavaillon)",vegetable_fresh,fruit,FoodOn ontology: fruit features detected,1.000,1,at_farm_source → NOVA 1,0.950,raw,Derived from NOVA 1 → raw,1.000,,No packaging keyword detected,always,fruit NOVA 1 → always (perishable),LEGUMES-FLEURS,matched 'melon' in cropgroup.csv,1.000,0.850,fruit default from food_type_density.csv,1.000,0.20,fruit NOVA 1 default from food_type_inedible_part.csv,1.000,0.856,fruit default from food_type_cooked_to_raw.csv,1.000
Mint,vegetable_fresh,vegetable,FoodOn ontology: vegetable features detected,1.000,1,at_farm_source → NOVA 1,0.950,raw,Derived from NOVA 1 → raw,1.000,,No packaging keyword detected,always,vegetable NOVA 1 → always (perishable),AUTRES CULTURES INDUSTRIELLES,matched 'mint' in cropgroup.csv,1.000,0.900,vegetable default from food_type_density.csv,1.000,0.10,Matched with Mint in agb_inedible.csv,1.000,0.856,vegetable default from food_type_cooked_to_raw.csv,1.000
Morello cherry,vegetable_fresh,fruit,FoodOn ontology: fruit features detected,1.000,1,at_farm_source → NOVA 1,0.950,raw,Derived from NOVA 1 → raw,1.000,,No packaging keyword detected,always,fruit NOVA 1 → always (perishable),ARBORICULTURE,matched 'banane export' in cropgroup.csv,1.000,1.000,Matched with cherry in density.csv,0.950,0.20,Matched with Cherry in agb_inedible.csv,0.950,0.856,fruit default from food_type_cooked_to_raw.csv,1.000
"Mushroom, morel",vegetable_fresh,vegetable,FoodOn ontology: vegetable features detected,1.000,1,fresh_at_plant → NOVA 1,0.850,raw,Derived from NOVA 1 → raw,1.000,,No packaging keyword detected,always,vegetable NOVA 1 → always (perishable),LEGUMES-FLEURS,matched 'brussels sprout' in cropgroup.csv,1.000,0.900,vegetable default from food_type_density.csv,1.000,0.10,Matched with Mushroom in agb_inedible.csv,0.950,0.856,vegetable default from food_type_cooked_to_raw.csv,1.000
Mustard seed,spice_condiment_additive,spice_condiment,Matched with mustard in food_type.csv,0.950,1,at_farm_source → NOVA 1,0.950,raw,Derived from NOVA 1 → raw,1.000,,No packaging keyword detected,none,spice_condiment → none (non-perishable),AUTRES CULTURES INDUSTRIELLES,matched 'moutarde' in cropgroup.csv,1.000,1.000,Matched with mustard in density.csv,0.950,0.00,Matched with mustard in inedible_part.csv,0.950,1.000,Matched with mustard in cooked_to_raw.csv,0.950
Nectarine,vegetable_fresh,fruit,FoodOn ontology: fruit features detected,1.000,1,at_farm_source → NOVA 1,0.950,raw,Derived from NOVA 1 → raw,1.000,,No packaging keyword detected,always,fruit NOVA 1 → always (perishable),VERGERS,matched 'poires pour transformation' in cropgroup.csv,1.000,0.850,fruit default from food_type_density.csv,1.000,0.20,fruit NOVA 1 default from food_type_inedible_part.csv,1.000,0.856,fruit default from food_type_cooked_to_raw.csv,1.000
Oats,grain_raw,grain,oats found in food_type.csv,1.000,1,at_farm_source → NOVA 1,0.950,raw,Derived from NOVA 1 → raw,1.000,,No packaging keyword detected,none,grain → none (non-perishable),AUTRES CEREALES,matched 'avoine' in cropgroup.csv,1.000,0.410,Oats found in fao_density.csv,1.000,0.00,grain NOVA 1 default from food_type_inedible_part.csv,1.000,2.259,Matched with oat in cooked_to_raw.csv,0.950
Olives,vegetable_fresh,fruit,FoodOn ontology: fruit features detected,1.000,1,at_farm_source → NOVA 1,0.950,raw,Derived from NOVA 1 → raw,1.000,,No packaging keyword detected,always,fruit NOVA 1 → always (perishable),OLIVIERS,matched 'olive' in cropgroup.csv,1.000,0.650,"Matched with Olives, green, with stone in fao_density.csv",0.950,0.50,Matched with Olives in agb_inedible.csv,1.000,0.856,fruit default from food_type_cooked_to_raw.csv,1.000
Onions,vegetable_fresh,vegetable,FoodOn ontology: vegetable features detected,1.000,1,at_farm_source → NOVA 1,0.950,raw,Derived from NOVA 1 → raw,1.000,,No packaging keyword detected,always,vegetable NOVA 1 → always (perishable),LEGUMES-FLEURS,matched 'oignons' in cropgroup.csv,1.000,0.900,vegetable default from food_type_density.csv,1.000,0.10,Matched with Onions in agb_inedible.csv,1.000,0.856,vegetable default from food_type_cooked_to_raw.csv,1.000
Oranges,vegetable_fresh,fruit,FoodOn ontology: fruit features detected,1.000,1,at_farm_source → NOVA 1,0.950,raw,Derived from NOVA 1 → raw,1.000,,No packaging keyword detected,always,fruit NOVA 1 → always (perishable),VERGERS,matched 'orange' in cropgroup.csv,1.000,0.950,Matched with orange in density.csv,0.950,0.20,Matched with Orange in agb_inedible.csv,0.950,0.856,fruit default from food_type_cooked_to_raw.csv,1.000
Papaya,vegetable_fresh,fruit,FoodOn ontology: fruit features detected,1.000,1,at_farm_source → NOVA 1,0.950,raw,Derived from NOVA 1 → raw,1.000,,No packaging keyword detected,always,fruit NOVA 1 → always (perishable),VERGERS,matched 'orange' in cropgroup.csv,1.000,0.850,fruit default from food_type_density.csv,1.000,0.20,fruit NOVA 1 default from food_type_inedible_part.csv,1.000,0.856,Matched with papaya in cooked_to_raw.csv,1.000
"Parsley, fresh",vegetable_fresh,vegetable,FoodOn ontology: vegetable features detected,1.000,1,at_farm_source → NOVA 1,0.950,raw,Derived from NOVA 1 → raw,1.000,fresh,"fresh keyword found in Parsley, fresh",always,vegetable NOVA 1 → always (perishable),AUTRES CULTURES INDUSTRIELLES,matched 'parsley' in cropgroup.csv,1.000,0.900,vegetable default from food_type_density.csv,1.000,0.10,Matched with Parsley in agb_inedible.csv,0.950,0.856,vegetable default from food_type_cooked_to_raw.csv,1.000
Parsnips,vegetable_fresh,vegetable,FoodOn ontology: vegetable features detected,1.000,1,at_farm_source → NOVA 1,0.950,raw,Derived from NOVA 1 → raw,1.000,,No packaging keyword detected,always,vegetable NOVA 1 → always (perishable),AUTRES OLEAGINEUX,matched 'autres oleagineux' in cropgroup.csv,1.000,0.900,vegetable default from food_type_density.csv,1.000,0.20,vegetable NOVA 1 default from food_type_inedible_part.csv,1.000,0.856,vegetable default from food_type_cooked_to_raw.csv,1.000
Peaches,vegetable_fresh,fruit,peaches found in food_type.csv,1.000,1,at_farm_source → NOVA 1,0.950,raw,Derived from NOVA 1 → raw,1.000,,No packaging keyword detected,always,fruit NOVA 1 → always (perishable),VERGERS,fruit default,1.000,0.850,fruit default from food_type_density.csv,1.000,0.20,Matched with Peach in agb_inedible.csv,0.950,0.856,Matched with peach in cooked_to_raw.csv,0.950
Pears,vegetable_fresh,fruit,FoodOn ontology: fruit features detected,1.000,1,at_farm_source → NOVA 1,0.950,raw,Derived from NOVA 1 → raw,1.000,,No packaging keyword detected,always,fruit NOVA 1 → always (perishable),VERGERS,matched 'poires pour transformation' in cropgroup.csv,1.000,0.850,fruit default from food_type_density.csv,1.000,0.10,Matched with Pear in agb_inedible.csv,0.950,0.856,fruit default from food_type_cooked_to_raw.csv,1.000
"Peas, with pods",vegetable_fresh,vegetable,Default: vegetable (no trusted match for fresh fruit),0.500,1,at_farm_source → NOVA 1,0.950,raw,Derived from NOVA 1 → raw,1.000,,No packaging keyword detected,always,vegetable NOVA 1 → always (perishable),LEGUMINEUSES A GRAIN,matched 'pea' in cropgroup.csv,1.000,0.900,vegetable default from food_type_density.csv,1.000,0.20,vegetable NOVA 1 default from food_type_inedible_part.csv,1.000,0.856,vegetable default from food_type_cooked_to_raw.csv,1.000
Persimmon,vegetable_fresh,fruit,FoodOn ontology: fruit features detected,1.000,1,at_farm_source → NOVA 1,0.950,raw,Derived from NOVA 1 → raw,1.000,,No packaging keyword detected,always,fruit NOVA 1 → always (perishable),VERGERS,matched 'poires pour transformation' in cropgroup.csv,1.000,0.850,fruit default from food_type_density.csv,1.000,0.20,fruit NOVA 1 default from food_type_inedible_part.csv,1.000,0.856,fruit default from food_type_cooked_to_raw.csv,1.000
Pine nuts,nut_oilseed_raw,nut_oilseed,pine nuts found in food_type.csv,1.000,1,at_farm_source → NOVA 1,0.950,raw,Derived from NOVA 1 → raw,1.000,,No packaging keyword detected,none,nut_oilseed → none (non-perishable),FRUITS A COQUES,matched 'noix' in cropgroup.csv,1.000,0.630,Matched with Nuts in fao_density.csv,0.950,0.50,nut_oilseed NOVA 1 default from food_type_inedible_part.csv,1.000,1.000,nut_oilseed default from food_type_cooked_to_raw.csv,1.000
Pineapple,vegetable_fresh,fruit,FoodOn ontology: fruit features detected,1.000,1,at_farm_source → NOVA 1,0.950,raw,Derived from NOVA 1 → raw,1.000,,No packaging keyword detected,always,fruit NOVA 1 → always (perishable),ARBORICULTURE,matched 'pineapple' in cropgroup.csv,1.000,0.950,pineapple found in density.csv,1.000,0.50,Matched with Pineapple in agb_inedible.csv,1.000,0.856,Matched with pineapple in cooked_to_raw.csv,1.000
Plantain,vegetable_fresh,fruit,FoodOn ontology: fruit features detected,1.000,1,at_farm_source → NOVA 1,0.950,raw,Derived from NOVA 1 → raw,1.000,,No packaging keyword detected,always,fruit NOVA 1 → always (perishable),VERGERS,matched 'poires pour transformation' in cropgroup.csv,1.000,0.850,fruit default from food_type_density.csv,1.000,0.20,fruit NOVA 1 default from food_type_inedible_part.csv,1.000,0.856,fruit default from food_type_cooked_to_raw.csv,1.000
Pomegranate,vegetable_fresh,fruit,FoodOn ontology: fruit features detected,1.000,1,at_farm_source → NOVA 1,0.950,raw,Derived from NOVA 1 → raw,1.000,,No packaging keyword detected,always,fruit NOVA 1 → always (perishable),VERGERS,matched 'orange' in cropgroup.csv,1.000,0.850,fruit default from food_type_density.csv,1.000,0.20,Matched with Pomegranate in agb_inedible.csv,1.000,0.856,fruit default from food_type_cooked_to_raw.csv,1.000
Potato,vegetable_fresh,vegetable,FoodOn ontology: vegetable features detected,1.000,1,at_farm_source → NOVA 1,0.950,raw,Derived from NOVA 1 → raw,1.000,,No packaging keyword detected,always,vegetable NOVA 1 → always (perishable),LEGUMES-FLEURS,matched 'potato' in cropgroup.csv,1.000,1.100,potato found in density.csv,1.000,0.10,Matched with Potatoes in agb_inedible.csv,0.980,0.856,Matched with potato in cooked_to_raw.csv,1.000
Prickly pear,grain_raw,grain,FoodOn ontology: grain features detected,1.000,1,at_farm_source → NOVA 1,0.950,raw,Derived from NOVA 1 → raw,1.000,,No packaging keyword detected,none,grain → none (non-perishable),VERGERS,prickly pear pattern,1.000,0.950,Matched with pear in density.csv,0.950,0.10,Matched with Pear in agb_inedible.csv,0.950,2.259,grain default from food_type_cooked_to_raw.csv,1.000
Pumpkin,vegetable_fresh,vegetable,pumpkin found in food_type.csv,1.000,1,at_farm_source → NOVA 1,0.950,raw,Derived from NOVA 1 → raw,1.000,,No packaging keyword detected,always,vegetable NOVA 1 → always (perishable),LEGUMES-FLEURS,vegetable default,1.000,1.000,pumpkin found in density.csv,1.000,0.20,Matched with Pumpkin in agb_inedible.csv,1.000,0.856,vegetable default from food_type_cooked_to_raw.csv,1.000
Quince,vegetable_fresh,fruit,FoodOn ontology: fruit features detected,1.000,1,at_farm_source → NOVA 1,0.950,raw,Derived from NOVA 1 → raw,1.000,,No packaging keyword detected,always,fruit NOVA 1 → always (perishable),VERGERS,matched 'poires pour transformation' in cropgroup.csv,1.000,0.850,fruit default from food_type_density.csv,1.000,0.20,fruit NOVA 1 default from food_type_inedible_part.csv,1.000,0.856,fruit default from food_type_cooked_to_raw.csv,1.000
Quinoa,grain_raw,grain,FoodOn ontology: grain features detected,1.000,1,at_farm_source → NOVA 1,0.950,raw,Derived from NOVA 1 → raw,1.000,,No packaging keyword detected,none,grain → none (non-perishable),AUTRES CEREALES,matched 'quinoa' in cropgroup.csv,1.000,0.750,grain default from food_type_density.csv,1.000,0.00,grain NOVA 1 default from food_type_inedible_part.csv,1.000,2.259,grain default from food_type_cooked_to_raw.csv,1.000
Radish,vegetable_fresh,vegetable,FoodOn ontology: vegetable features detected,1.000,1,at_farm_source → NOVA 1,0.950,raw,Derived from NOVA 1 → raw,1.000,,No packaging keyword detected,always,vegetable NOVA 1 → always (perishable),LEGUMES-FLEURS,matched 'carrot' in cropgroup.csv,1.000,0.600,radish found in density.csv,1.000,0.03,Matched with Radish in agb_inedible.csv,1.000,0.856,Matched with radish in cooked_to_raw.csv,1.000
Rapeseed,nut_oilseed_raw,nut_oilseed,rapeseed found in food_type.csv,1.000,1,at_farm_source → NOVA 1,0.950,raw,Derived from NOVA 1 → raw,1.000,,No packaging keyword detected,none,nut_oilseed → none (non-perishable),COLZA,matched 'rapeseed' in cropgroup.csv,1.000,0.770,Rapeseed found in fao_density.csv,1.000,0.50,nut_oilseed NOVA 1 default from food_type_inedible_part.csv,1.000,2.259,Matched with rapeseed in cooked_to_raw.csv,1.000
Raspberry,vegetable_fresh,fruit,FoodOn ontology: fruit features detected,1.000,1,at_farm_source → NOVA 1,0.950,raw,Derived from NOVA 1 → raw,1.000,,No packaging keyword detected,always,fruit NOVA 1 → always (perishable),VERGERS,matched 'orange' in cropgroup.csv,1.000,0.900,raspberry found in density.csv,1.000,0.03,Matched with Raspberries in agb_inedible.csv,0.950,0.856,Matched with raspberry in cooked_to_raw.csv,1.000
"Raw rice, all varieties (white, wild, c Thai or basmati rice, raw)",grain_raw,grain,FoodOn ontology: grain features detected,1.000,1,at_farm_source → NOVA 1,0.950,raw,Derived from NOVA 1 → raw,1.000,,No packaging keyword detected,none,grain → none (non-perishable),RIZ,matched 'rice' in cropgroup.csv,1.000,0.850,"Matched with Rice, raw in fao_density.csv",0.950,0.00,grain NOVA 1 default from food_type_inedible_part.csv,1.000,2.259,grain default from food_type_cooked_to_raw.csv,1.000
"Red beans, dried",vegetable_fresh,legume,Matched with red bean in food_type.csv,0.950,1,at_farm_source → NOVA 1,0.950,raw,Derived from NOVA 1 → raw,1.000,dried,"dried keyword found in Red beans, dried",none,dried packaging → none,LEGUMINEUSES A GRAIN,legume default,1.000,0.800,legume default from food_type_density.csv,1.000,0.20,legume NOVA 1 default from food_type_inedible_part.csv,1.000,0.856,legume default from food_type_cooked_to_raw.csv,1.000
Red currant,vegetable_fresh,fruit,FoodOn ontology: fruit features detected,1.000,1,at_farm_source → NOVA 1,0.950,raw,Derived from NOVA 1 → raw,1.000,,No packaging keyword detected,always,fruit NOVA 1 → always (perishable),VERGERS,matched 'poires pour transformation' in cropgroup.csv,1.000,0.850,fruit default from food_type_density.csv,1.000,0.20,Matched with Currant in agb_inedible.csv,0.950,0.856,fruit default from food_type_cooked_to_raw.csv,1.000
Red endive,vegetable_fresh,vegetable,red endive found in food_type.csv,1.000,1,at_farm_source → NOVA 1,0.950,raw,Derived from NOVA 1 → raw,1.000,,No packaging keyword detected,always,vegetable NOVA 1 → always (perishable),LEGUMES-FLEURS,matched 'endive' in cropgroup.csv,1.000,0.900,vegetable default from food_type_density.csv,1.000,0.20,Matched with Red endive in agb_inedible.csv,1.000,0.856,Matched with endive in cooked_to_raw.csv,0.950
Rhubarb,vegetable_fresh,vegetable,rhubarb found in food_type.csv,1.000,1,at_farm_source → NOVA 1,0.950,raw,Derived from NOVA 1 → raw,1.000,,No packaging keyword detected,always,vegetable NOVA 1 → always (perishable),VERGERS,matched 'poires pour transformation' in cropgroup.csv,1.000,0.900,vegetable default from food_type_density.csv,1.000,0.20,vegetable NOVA 1 default from food_type_inedible_part.csv,1.000,0.856,vegetable default from food_type_cooked_to_raw.csv,1.000
Rutabaga,vegetable_fresh,vegetable,FoodOn ontology: vegetable features detected,1.000,1,at_farm_source → NOVA 1,0.950,raw,Derived from NOVA 1 → raw,1.000,,No packaging keyword detected,always,vegetable NOVA 1 → always (perishable),AUTRES CULTURES INDUSTRIELLES,matched 'moutarde' in cropgroup.csv,1.000,0.900,vegetable default from food_type_density.csv,1.000,0.20,vegetable NOVA 1 default from food_type_inedible_part.csv,1.000,0.856,vegetable default from food_type_cooked_to_raw.csv,1.000
Saffron,spice_condiment_additive,spice_condiment,FoodOn ontology: spice_condiment features detected,1.000,1,at_farm_source → NOVA 1,0.950,raw,Derived from NOVA 1 → raw,1.000,,No packaging keyword detected,none,spice_condiment → none (non-perishable),AUTRES CULTURES INDUSTRIELLES,matched 'ginger' in cropgroup.csv,1.000,0.500,spice_condiment default from food_type_density.csv,1.000,0.00,spice_condiment NOVA 1 default from food_type_inedible_part.csv,1.000,1.000,spice_condiment default from food_type_cooked_to_raw.csv,1.000
"Salad, lettuce",vegetable_fresh,vegetable,Matched with salad in food_type.csv,0.950,1,at_farm_source → NOVA 1,0.950,raw,Derived from NOVA 1 → raw,1.000,,No packaging keyword detected,always,vegetable NOVA 1 → always (perishable),LEGUMES-FLEURS,vegetable default,1.000,0.300,Matched with lettuce in density.csv,0.950,0.40,Matched with Lettuce in agb_inedible.csv,0.950,0.856,Matched with lettuce in cooked_to_raw.csv,0.950
Salsify,vegetable_fresh,vegetable,FoodOn ontology: vegetable features detected,1.000,1,at_farm_source → NOVA 1,0.950,raw,Derived from NOVA 1 → raw,1.000,,No packaging keyword detected,always,vegetable NOVA 1 → always (perishable),LEGUMES-FLEURS,matched 'endive' in cropgroup.csv,1.000,0.900,vegetable default from food_type_density.csv,1.000,0.20,Matched with Salsify in agb_inedible.csv,1.000,0.856,vegetable default from food_type_cooked_to_raw.csv,1.000
"Sea salt, celery salt, or fleur de sel",animal_product,fish_seafood,FoodOn ontology: fish_seafood features detected,1.000,2,nova2_salt → NOVA 2,0.950,processed,Derived from NOVA 2 → processed,1.000,,No packaging keyword detected,none,Matched with salt in transport_cooling.csv,,Not applicable (animal product),1.000,1.050,fish_seafood default from food_type_density.csv,1.000,0.00,fish_seafood NOVA 2-4 default from food_type_inedible_part.csv,1.000,0.819,fish_seafood default from food_type_cooked_to_raw.csv,1.000
Seaweed,vegetable_fresh,vegetable,seaweed found in food_type.csv,1.000,1,at_farm_source → NOVA 1,0.950,raw,Derived from NOVA 1 → raw,1.000,,No packaging keyword detected,always,vegetable NOVA 1 → always (perishable),DIVERS,matched 'seaweed' in cropgroup.csv,1.000,0.900,vegetable default from food_type_density.csv,1.000,0.20,vegetable NOVA 1 default from food_type_inedible_part.csv,1.000,0.856,vegetable default from food_type_cooked_to_raw.csv,1.000
Shallots,vegetable_fresh,vegetable,FoodOn ontology: vegetable features detected,1.000,1,at_farm_source → NOVA 1,0.950,raw,Derived from NOVA 1 → raw,1.000,,No packaging keyword detected,always,vegetable NOVA 1 → always (perishable),AUTRES OLEAGINEUX,matched 'autres oleagineux' in cropgroup.csv,1.000,0.900,vegetable default from food_type_density.csv,1.000,0.10,Matched with Shallot in agb_inedible.csv,0.950,0.856,vegetable default from food_type_cooked_to_raw.csv,1.000
Sheep milk,dairy_product,dairy,FoodOn ontology: dairy features detected,1.000,1,at_farm_source → NOVA 1,0.950,raw,Derived from NOVA 1 → raw,1.000,,No packaging keyword detected,always,dairy NOVA 1 → always (perishable),,Not applicable (animal product),1.000,1.030,dairy default from food_type_density.csv,1.000,0.00,dairy NOVA 1 default from food_type_inedible_part.csv,1.000,1.000,dairy default from food_type_cooked_to_raw.csv,1.000
Soft wheat,grain_raw,grain,FoodOn ontology: grain features detected,1.000,1,at_farm_source → NOVA 1,0.950,raw,Derived from NOVA 1 → raw,1.000,,No packaging keyword detected,none,grain → none (non-perishable),BLE TENDRE,matched 'wheat' in cropgroup.csv,1.000,0.770,Matched with Wheat in fao_density.csv,0.950,0.00,grain NOVA 1 default from food_type_inedible_part.csv,1.000,2.259,grain default from food_type_cooked_to_raw.csv,1.000
Sorghum,grain_raw,grain,FoodOn ontology: grain features detected,1.000,1,at_farm_source → NOVA 1,0.950,raw,Derived from NOVA 1 → raw,1.000,,No packaging keyword detected,none,grain → none (non-perishable),AUTRES CEREALES,matched 'sorgho' in cropgroup.csv,1.000,0.540,"Matched with Sorghum, fermented flour in fao_density.csv",0.950,0.00,grain NOVA 1 default from food_type_inedible_part.csv,1.000,2.259,grain default from food_type_cooked_to_raw.csv,1.000
Soybean,nut_oilseed_raw,nut_oilseed,soybean found in food_type.csv,1.000,1,at_farm_source → NOVA 1,0.950,raw,Derived from NOVA 1 → raw,1.000,,No packaging keyword detected,none,nut_oilseed → none (non-perishable),AUTRES OLEAGINEUX,matched 'soybean' in cropgroup.csv,1.000,0.740,Soybean found in fao_density.csv,1.000,0.50,nut_oilseed NOVA 1 default from food_type_inedible_part.csv,1.000,2.259,Matched with soybean in cooked_to_raw.csv,1.000
Spelt,grain_raw,grain,FoodOn ontology: grain features detected,1.000,1,at_farm_source → NOVA 1,0.950,raw,Derived from NOVA 1 → raw,1.000,,No packaging keyword detected,none,grain → none (non-perishable),AUTRES CEREALES,matched 'spelt' in cropgroup.csv,1.000,0.750,grain default from food_type_density.csv,1.000,0.00,grain NOVA 1 default from food_type_inedible_part.csv,1.000,2.259,grain default from food_type_cooked_to_raw.csv,1.000
Spinach,vegetable_fresh,vegetable,FoodOn ontology: vegetable features detected,1.000,1,at_farm_source → NOVA 1,0.950,raw,Derived from NOVA 1 → raw,1.000,,No packaging keyword detected,always,vegetable NOVA 1 → always (perishable),LEGUMES-FLEURS,matched 'carrot' in cropgroup.csv,1.000,0.900,spinach found in density.csv,1.000,0.03,Matched with Spinach in agb_inedible.csv,1.000,0.856,Matched with spinach in cooked_to_raw.csv,1.000
Split pea,vegetable_fresh,legume,split pea found in food_type.csv,1.000,1,at_farm_source → NOVA 1,0.950,raw,Derived from NOVA 1 → raw,1.000,,No packaging keyword detected,always,legume NOVA 1 → always (perishable),LEGUMINEUSES A GRAIN,matched 'pea' in cropgroup.csv,1.000,0.800,Matched with pea in density.csv,0.950,0.20,legume NOVA 1 default from food_type_inedible_part.csv,1.000,1.000,Matched with pea in cooked_to_raw.csv,0.950
Spring faba,vegetable_fresh,legume,FoodOn ontology: legume features detected,1.000,1,at_farm_source → NOVA 1,0.950,raw,Derived from NOVA 1 → raw,1.000,,No packaging keyword detected,always,legume NOVA 1 → always (perishable),PROTEAGINEUX,matched 'spring faba' in cropgroup.csv,1.000,0.800,legume default from food_type_density.csv,1.000,0.20,legume NOVA 1 default from food_type_inedible_part.csv,1.000,0.856,legume default from food_type_cooked_to_raw.csv,1.000
Spring pea,vegetable_fresh,legume,FoodOn ontology: legume features detected,1.000,1,at_farm_source → NOVA 1,0.950,raw,Derived from NOVA 1 → raw,1.000,,No packaging keyword detected,always,legume NOVA 1 → always (perishable),PROTEAGINEUX,matched 'pois de printemps' in cropgroup.csv,1.000,0.800,Matched with pea in density.csv,0.950,0.20,legume NOVA 1 default from food_type_inedible_part.csv,1.000,1.000,Matched with pea in cooked_to_raw.csv,0.950
Spring water,misc,beverage,spring water found in food_type.csv,1.000,1,water → NOVA 1,0.900,raw,Derived from NOVA 1 → raw,1.000,,No packaging keyword detected,none,Matched with bread in transport_cooling.csv,DIVERS,beverage default,1.000,1.000,Matched with Water in fao_density.csv,0.950,0.00,beverage NOVA 1 default from food_type_inedible_part.csv,1.000,1.000,beverage default from food_type_cooked_to_raw.csv,1.000
"Squash, raw, with skin",vegetable_fresh,vegetable,Matched with squash in food_type.csv,0.950,1,at_farm_source → NOVA 1,0.950,raw,Derived from NOVA 1 → raw,1.000,,No packaging keyword detected,always,vegetable NOVA 1 → always (perishable),LEGUMES-FLEURS,vegetable default,1.000,0.900,vegetable default from food_type_density.csv,1.000,0.20,vegetable NOVA 1 default from food_type_inedible_part.csv,1.000,0.856,vegetable default from food_type_cooked_to_raw.csv,1.000
Strawberry,vegetable_fresh,fruit,FoodOn ontology: fruit features detected,1.000,1,at_farm_source → NOVA 1,0.950,raw,Derived from NOVA 1 → raw,1.000,,No packaging keyword detected,always,fruit NOVA 1 → always (perishable),LEGUMES-FLEURS,matched 'strawberry' in cropgroup.csv,1.000,0.950,strawberry found in density.csv,1.000,0.03,Matched with Strawberries in agb_inedible.csv,0.950,0.856,fruit default from food_type_cooked_to_raw.csv,1.000
Sugar beet,spice_condiment_additive,spice_condiment,Matched with sugar in food_type.csv,0.950,1,at_farm_source → NOVA 1,0.950,raw,Derived from NOVA 1 → raw,1.000,,No packaging keyword detected,none,spice_condiment → none (non-perishable),AUTRES CULTURES INDUSTRIELLES,matched 'betteraves sucrières' in cropgroup.csv,1.000,0.950,Matched with Sugar in fao_density.csv,0.950,0.00,Matched with sugar in inedible_part.csv,0.950,1.000,Matched with sugar in cooked_to_raw.csv,0.950
"Sunflower, seed",nut_oilseed_raw,nut_oilseed,Matched with sunflower in food_type.csv,0.950,1,at_farm_source → NOVA 1,0.950,raw,Derived from NOVA 1 → raw,1.000,,No packaging keyword detected,none,nut_oilseed → none (non-perishable),TOURNESOL,matched 'sunflower' in cropgroup.csv,1.000,0.620,"Sunflower, seed found in fao_density.csv",1.000,0.00,Matched with sunflower seed in inedible_part.csv,0.980,1.000,nut_oilseed default from food_type_cooked_to_raw.csv,1.000
Sweet potato,vegetable_fresh,vegetable,FoodOn ontology: vegetable features detected,1.000,1,at_farm_source → NOVA 1,0.950,raw,Derived from NOVA 1 → raw,1.000,,No packaging keyword detected,always,vegetable NOVA 1 → always (perishable),LEGUMES-FLEURS,matched 'potato' in cropgroup.csv,1.000,0.650,"Matched with Sweet potato, boiled in fao_density.csv",0.950,0.10,Matched with Potatoes in agb_inedible.csv,0.950,0.856,Matched with potato in cooked_to_raw.csv,0.950
Swiss chard,vegetable_fresh,vegetable,FoodOn ontology: vegetable features detected,1.000,1,at_farm_source → NOVA 1,0.950,raw,Derived from NOVA 1 → raw,1.000,,No packaging keyword detected,always,vegetable NOVA 1 → always (perishable),LEGUMES-FLEURS,matched 'chou-fleur' in cropgroup.csv,1.000,0.900,vegetable default from food_type_density.csv,1.000,0.20,vegetable NOVA 1 default from food_type_inedible_part.csv,1.000,0.856,vegetable default from food_type_cooked_to_raw.csv,1.000
Tarragon fresh,spice_condiment_additive,spice_condiment,Matched with tarragon in food_type.csv,0.950,1,at_farm_source → NOVA 1,0.950,raw,Derived from NOVA 1 → raw,1.000,fresh,fresh keyword found in Tarragon fresh,none,spice_condiment → none (non-perishable),AUTRES CULTURES INDUSTRIELLES,matched 'tarragon' in cropgroup.csv,1.000,0.500,spice_condiment default from food_type_density.csv,1.000,0.20,Matched with Tarragon in agb_inedible.csv,0.950,1.000,spice_condiment default from food_type_cooked_to_raw.csv,1.000
Tomato,vegetable_fresh,vegetable,tomato found in food_type.csv,1.000,1,at_farm_source → NOVA 1,0.950,raw,Derived from NOVA 1 → raw,1.000,,No packaging keyword detected,always,vegetable NOVA 1 → always (perishable),LEGUMES-FLEURS,matched 'tomato' in cropgroup.csv,1.000,1.000,tomato found in density.csv,1.000,0.03,Matched with Tomatoes in agb_inedible.csv,0.980,0.856,vegetable default from food_type_cooked_to_raw.csv,1.000
Turnip,vegetable_fresh,vegetable,FoodOn ontology: vegetable features detected,1.000,1,at_farm_source → NOVA 1,0.950,raw,Derived from NOVA 1 → raw,1.000,,No packaging keyword detected,always,vegetable NOVA 1 → always (perishable),LEGUMES-FLEURS,matched 'carrot' in cropgroup.csv,1.000,0.900,vegetable default from food_type_density.csv,1.000,0.20,Matched with Turnips in agb_inedible.csv,0.950,0.856,Matched with turnip in cooked_to_raw.csv,1.000
"Vanilla, alcoholic or aqueous extract",spice_condiment_additive,spice_condiment,FoodOn ontology: spice_condiment features detected,1.000,1,at_farm_source → NOVA 1,0.950,raw,Derived from NOVA 1 → raw,1.000,,No packaging keyword detected,none,spice_condiment → none (non-perishable),AUTRES CULTURES INDUSTRIELLES,matched 'vanille' in cropgroup.csv,1.000,0.500,spice_condiment default from food_type_density.csv,1.000,0.00,spice_condiment NOVA 1 default from food_type_inedible_part.csv,1.000,1.000,spice_condiment default from food_type_cooked_to_raw.csv,1.000
Walnuts,nut_oilseed_raw,nut_oilseed,walnuts found in food_type.csv,1.000,1,at_farm_source → NOVA 1,0.950,raw,Derived from NOVA 1 → raw,1.000,,No packaging keyword detected,none,nut_oilseed → none (non-perishable),FRUITS A COQUES,matched 'walnut' in cropgroup.csv,1.000,0.500,Matched with walnut in density.csv,0.980,0.50,Matched with Walnuts in agb_inedible.csv,1.000,1.000,nut_oilseed default from food_type_cooked_to_raw.csv,1.000
Watermelon,vegetable_fresh,fruit,FoodOn ontology: fruit features detected,1.000,1,at_farm_source → NOVA 1,0.950,raw,Derived from NOVA 1 → raw,1.000,,No packaging keyword detected,always,fruit NOVA 1 → always (perishable),LEGUMES-FLEURS,matched 'pastèque' in cropgroup.csv,1.000,1.000,watermelon found in density.csv,1.000,0.20,fruit NOVA 1 default from food_type_inedible_part.csv,1.000,0.856,fruit default from food_type_cooked_to_raw.csv,1.000
"White beans, dried",vegetable_fresh,legume,Matched with white bean in food_type.csv,0.950,1,at_farm_source → NOVA 1,0.950,raw,Derived from NOVA 1 → raw,1.000,dried,"dried keyword found in White beans, dried",none,dried packaging → none,LEGUMINEUSES A GRAIN,legume default,1.000,0.800,legume default from food_type_density.csv,1.000,0.20,legume NOVA 1 default from food_type_inedible_part.csv,1.000,0.856,legume default from food_type_cooked_to_raw.csv,1.000
White cabbage,vegetable_fresh,vegetable,FoodOn ontology: vegetable features detected,1.000,1,at_farm_source → NOVA 1,0.950,raw,Derived from NOVA 1 → raw,1.000,,No packaging keyword detected,always,vegetable NOVA 1 → always (perishable),LEGUMES-FLEURS,matched 'cabbage' in cropgroup.csv,1.000,0.900,Matched with cabbage in density.csv,0.980,0.20,Matched with Cabbage in agb_inedible.csv,0.980,0.856,Matched with cabbage in cooked_to_raw.csv,0.980
Whole barley,grain_raw,grain,FoodOn ontology: grain features detected,1.000,1,at_farm_source → NOVA 1,0.950,raw,Derived from NOVA 1 → raw,1.000,,No packaging keyword detected,none,grain → none (non-perishable),ORGE,matched 'barley' in cropgroup.csv,1.000,0.650,"Matched with Barley, whole in fao_density.csv",0.980,0.00,grain NOVA 1 default from food_type_inedible_part.csv,1.000,2.259,Matched with barley in cooked_to_raw.csv,0.950
Whole millet,grain_raw,grain,FoodOn ontology: grain features detected,1.000,1,at_farm_source → NOVA 1,0.950,raw,Derived from NOVA 1 → raw,1.000,,No packaging keyword detected,none,grain → none (non-perishable),AUTRES CEREALES,matched 'millet' in cropgroup.csv,1.000,0.640,Matched with Millet in fao_density.csv,0.950,0.00,grain NOVA 1 default from food_type_inedible_part.csv,1.000,2.259,grain default from food_type_cooked_to_raw.csv,1.000
Whole rye,grain_raw,grain,FoodOn ontology: grain features detected,1.000,1,at_farm_source → NOVA 1,0.950,raw,Derived from NOVA 1 → raw,1.000,,No packaging keyword detected,none,grain → none (non-perishable),AUTRES CEREALES,matched 'seigle' in cropgroup.csv,1.000,0.705,"Matched with Rye, whole in fao_density.csv",0.980,0.00,grain NOVA 1 default from food_type_inedible_part.csv,1.000,2.259,grain default from food_type_cooked_to_raw.csv,1.000
Winter pea,vegetable_fresh,legume,FoodOn ontology: legume features detected,1.000,1,at_farm_source → NOVA 1,0.950,raw,Derived from NOVA 1 → raw,1.000,,No packaging keyword detected,always,legume NOVA 1 → always (perishable),PROTEAGINEUX,matched 'pois d'hiver' in cropgroup.csv,1.000,0.800,Matched with pea in density.csv,0.950,0.20,legume NOVA 1 default from food_type_inedible_part.csv,1.000,1.000,Matched with pea in cooked_to_raw.csv,0.950
Zucchini,vegetable_fresh,vegetable,zucchini found in food_type.csv,1.000,1,at_farm_source → NOVA 1,0.950,raw,Derived from NOVA 1 → raw,1.000,,No packaging keyword detected,always,vegetable NOVA 1 → always (perishable),LEGUMES-FLEURS,matched 'zucchini' in cropgroup.csv,1.000,1.000,zucchini found in density.csv,1.000,0.20,vegetable NOVA 1 default from food_type_inedible_part.csv,1.000,0.856,Matched with zucchini in cooked_to_raw.csv,1.000
Artichoke,vegetable_fresh,vegetable,FoodOn ontology: vegetable features detected,1.000,1,at_farm_source → NOVA 1,0.950,raw,Derived from NOVA 1 → raw,1.000,,No packaging keyword detected,always,vegetable NOVA 1 → always (perishable),LEGUMES-FLEURS,matched 'fennel' in cropgroup.csv,1.000,0.900,vegetable default from food_type_density.csv,1.000,0.60,Matched with Artichokes in agb_inedible.csv,0.980,0.856,Matched with artichoke in cooked_to_raw.csv,1.000
Snail,animal_product,fish_seafood,FoodOn ontology: fish_seafood features detected,1.000,1,default_fish_seafood → NOVA 1,0.700,raw,Derived from NOVA 1 → raw,1.000,,No packaging keyword detected,always,fish_seafood NOVA 1 → always (perishable),,Not applicable (animal product),1.000,1.050,fish_seafood default from food_type_density.csv,1.000,0.40,fish_seafood NOVA 1 default from food_type_inedible_part.csv,1.000,0.819,fish_seafood default from food_type_cooked_to_raw.csv,1.000
Cotton seed,vegetable_fresh,vegetable,FoodOn ontology: vegetable features detected,1.000,1,at_farm_source → NOVA 1,0.950,raw,Derived from NOVA 1 → raw,1.000,,No packaging keyword detected,always,vegetable NOVA 1 → always (perishable),SEMENCES,matched 'semences epeautre' in cropgroup.csv,1.000,0.900,vegetable default from food_type_density.csv,1.000,0.20,vegetable NOVA 1 default from food_type_inedible_part.csv,1.000,0.856,vegetable default from food_type_cooked_to_raw.csv,1.000
Lupin,vegetable_fresh,legume,FoodOn ontology: legume features detected,1.000,1,at_farm_source → NOVA 1,0.950,raw,Derived from NOVA 1 → raw,1.000,,No packaging keyword detected,always,legume NOVA 1 → always (perishable),PROTEAGINEUX,matched 'lupin' in cropgroup.csv,1.000,0.800,legume default from food_type_density.csv,1.000,0.20,legume NOVA 1 default from food_type_inedible_part.csv,1.000,0.856,legume default from food_type_cooked_to_raw.csv,1.000
Alfalfa,vegetable_fresh,legume,FoodOn ontology: legume features detected,1.000,1,at_farm_source → NOVA 1,0.950,raw,Derived from NOVA 1 → raw,1.000,,No packaging keyword detected,always,legume NOVA 1 → always (perishable),LEGUMINEUSES A GRAIN,legume default,1.000,0.800,legume default from food_type_density.csv,1.000,0.20,legume NOVA 1 default from food_type_inedible_part.csv,1.000,0.856,legume default from food_type_cooked_to_raw.csv,1.000
Beef,animal_product,meat,FoodOn ontology: meat features detected,1.000,1,at_farm_source → NOVA 1,0.950,raw,Derived from NOVA 1 → raw,1.000,,No packaging keyword detected,always,meat NOVA 1 → always (perishable),,Not applicable (animal product),1.000,1.050,beef found in density.csv,1.000,0.05,meat NOVA 1 default from food_type_inedible_part.csv,1.000,0.792,Matched with ground beef in cooked_to_raw.csv,0.950
Broiler,animal_product,meat,FoodOn ontology: meat features detected,1.000,1,at_farm_source → NOVA 1,0.950,raw,Derived from NOVA 1 → raw,1.000,,No packaging keyword detected,always,meat NOVA 1 → always (perishable),PRAIRIES PERMANENTES,matched 'prairies naturelles' in cropgroup.csv,1.000,1.050,meat default from food_type_density.csv,1.000,0.05,meat NOVA 1 default from food_type_inedible_part.csv,1.000,0.755,poultry keyword found in Broiler,1.000
Poultry,animal_product,meat,FoodOn ontology: meat features detected,1.000,1,at_farm_source → NOVA 1,0.950,raw,Derived from NOVA 1 → raw,1.000,,No packaging keyword detected,always,meat NOVA 1 → always (perishable),PRAIRIES PERMANENTES,matched 'prairies naturelles' in cropgroup.csv,1.000,1.050,meat default from food_type_density.csv,1.000,0.05,meat NOVA 1 default from food_type_inedible_part.csv,1.000,0.755,poultry keyword found in Poultry,1.000
Lamb,animal_product,meat,FoodOn ontology: meat features detected,1.000,1,at_farm_source → NOVA 1,0.950,raw,Derived from NOVA 1 → raw,1.000,,No packaging keyword detected,always,meat NOVA 1 → always (perishable),,Not applicable (animal product),1.000,1.050,lamb found in density.csv,1.000,0.05,meat NOVA 1 default from food_type_inedible_part.csv,1.000,0.792,meat default from food_type_cooked_to_raw.csv,1.000
Pork,animal_product,meat,FoodOn ontology: meat features detected,1.000,1,at_farm_source → NOVA 1,0.950,raw,Derived from NOVA 1 → raw,1.000,,No packaging keyword detected,always,meat NOVA 1 → always (perishable),,Not applicable (animal product),1.000,1.050,pork found in density.csv,1.000,0.05,meat NOVA 1 default from food_type_inedible_part.csv,1.000,0.792,Matched with pork in cooked_to_raw.csv,1.000
Rabbit,animal_product,meat,FoodOn ontology: meat features detected,1.000,1,at_farm_source → NOVA 1,0.950,raw,Derived from NOVA 1 → raw,1.000,,No packaging keyword detected,always,meat NOVA 1 → always (perishable),,Not applicable (animal product),1.000,1.000,rabbit found in density.csv,1.000,0.05,meat NOVA 1 default from food_type_inedible_part.csv,1.000,0.755,poultry keyword found in Rabbit,1.000
